"The following data set contains the data used to generate the statistics reported in Table 2 of the paper ""An Algorithm for Finding Cost-Effective Solutions to Real-World School Bus Routing Problems"", by R. Lewis.",,,,,,,,,
problem instance,bus capacity,maximum journey time (mins),seed,num routes (k),discrete level (d),run time (secs),num solutions in final front,num feasible solutions in final front ,S-metric of front that contains only the feasible solutions
Adelaide,70,45,1,9,30,127.18,4,4,258.9150342
Adelaide,70,45,2,9,30,168.005,3,3,250.8757832
Adelaide,70,45,3,9,30,80.475,2,2,239.9111706
Adelaide,70,45,4,9,30,79.361,4,4,250.0728813
Adelaide,70,45,5,9,30,119.352,3,3,237.5124069
Adelaide,70,45,6,9,30,170.61,4,4,253.0454808
Adelaide,70,45,7,9,30,102.798,5,5,250.51018
Adelaide,70,45,8,9,30,165.992,4,4,256.0481883
Adelaide,70,45,9,9,30,150.857,3,3,254.7563457
Adelaide,70,45,10,9,30,79.539,3,3,255.0167381
Adelaide,70,45,11,9,30,257.331,4,4,265.2329206
Adelaide,70,45,12,9,30,97.685,4,4,246.9253975
Adelaide,70,45,13,9,30,106.917,2,2,230.6927421
Adelaide,70,45,14,9,30,189.863,5,5,276.4880559
Adelaide,70,45,15,9,30,97.805,4,4,246.7572458
Adelaide,70,45,16,9,30,114.364,2,2,230.3944954
Adelaide,70,45,17,9,30,99.966,3,3,245.9057676
Adelaide,70,45,18,9,30,115.979,3,3,254.699341
Adelaide,70,45,19,9,30,97.443,4,4,249.8745326
Adelaide,70,45,20,9,30,80.017,4,4,259.704829
Adelaide,70,45,1,9,10,1131.135,25,25,316.9490135
Adelaide,70,45,2,9,10,1652.027,20,20,313.9660452
Adelaide,70,45,3,9,10,1553.67,24,24,318.1421815
Adelaide,70,45,4,9,10,845.952,22,22,310.5394991
Adelaide,70,45,5,9,10,1497.883,25,25,322.5326646
Adelaide,70,45,6,9,10,1017.445,20,20,316.5935254
Adelaide,70,45,7,9,10,1296.18,21,21,315.9563033
Adelaide,70,45,8,9,10,946.092,19,19,312.0635157
Adelaide,70,45,9,9,10,938.688,23,23,309.186534
Adelaide,70,45,10,9,10,877.683,16,16,308.4756489
Adelaide,70,45,11,9,10,1071.398,21,21,314.9452984
Adelaide,70,45,12,9,10,1302.475,19,19,313.1532351
Adelaide,70,45,13,9,10,1226.072,25,25,320.7969172
Adelaide,70,45,14,9,10,1517.079,30,30,324.2111761
Adelaide,70,45,15,9,10,1131.628,24,24,318.1823292
Adelaide,70,45,16,9,10,1215.243,23,23,317.8276344
Adelaide,70,45,17,9,10,1007.733,27,27,313.2079024
Adelaide,70,45,18,9,10,1251.384,25,25,321.8069402
Adelaide,70,45,19,9,10,1118.288,21,21,314.7670336
Adelaide,70,45,20,9,10,1232.24,20,20,313.4354899
Adelaide,70,45,1,9,1,7925.968,326,326,338.9005457
Adelaide,70,45,2,9,1,11064.003,351,351,342.4045483
Adelaide,70,45,3,9,1,8561.031,332,332,340.9357889
Adelaide,70,45,4,9,1,9346.782,327,327,340.3325957
Adelaide,70,45,5,9,1,8576.941,356,356,343.0558005
Adelaide,70,45,6,9,1,9584.123,357,357,342.8441853
Adelaide,70,45,7,9,1,9809.077,367,367,341.7926993
Adelaide,70,45,8,9,1,9369.313,365,365,341.2927185
Adelaide,70,45,9,9,1,10253.511,312,312,338.3576224
Adelaide,70,45,10,9,1,8716.905,320,320,338.0534875
Adelaide,70,45,11,9,1,9290.071,363,363,343.1124097
Adelaide,70,45,12,9,1,8806.238,376,376,342.5745726
Adelaide,70,45,13,9,1,9245.329,370,370,342.0724674
Adelaide,70,45,14,9,1,10062.346,387,387,344.5579881
Adelaide,70,45,15,9,1,7251.812,355,355,340.4821049
Adelaide,70,45,16,9,1,10018.518,358,358,341.7294906
Adelaide,70,45,17,9,1,7583.052,347,347,340.2312875
Adelaide,70,45,18,9,1,8373.85,343,343,340.9145056
Adelaide,70,45,19,9,1,10069.819,336,336,341.3741736
Adelaide,70,45,20,9,1,12627.106,361,361,341.9610752
Bridgend,70,45,1,6,30,315.274,9,4,86.53694875
Bridgend,70,45,2,6,30,359.852,8,5,99.01370005
Bridgend,70,45,3,6,30,349.686,8,4,98.94378443
Bridgend,70,45,4,6,30,281.626,7,2,91.94548599
Bridgend,70,45,5,6,30,369.285,10,6,109.7960241
Bridgend,70,45,6,6,30,328.328,6,3,99.75626881
Bridgend,70,45,7,6,30,335.252,8,5,106.4048793
Bridgend,70,45,8,6,30,342.308,8,5,106.5297345
Bridgend,70,45,9,6,30,320.331,10,5,113.0564838
Bridgend,70,45,10,6,30,332.858,7,4,99.95014211
Bridgend,70,45,11,6,30,354.424,8,4,100.9733722
Bridgend,70,45,12,6,30,245.153,8,4,98.5300166
Bridgend,70,45,13,6,30,381.51,9,7,114.49555
Bridgend,70,45,14,6,30,348.869,8,4,101.4533583
Bridgend,70,45,15,6,30,360.876,11,6,110.5858609
Bridgend,70,45,16,6,30,378.579,8,5,94.37786338
Bridgend,70,45,17,6,30,275.107,8,5,99.20463902
Bridgend,70,45,18,6,30,388.109,9,6,105.443044
Bridgend,70,45,19,6,30,345.76,11,7,117.0067814
Bridgend,70,45,20,6,30,245.028,9,4,105.5622416
Bridgend,70,45,1,6,10,579.226,35,26,136.2722371
Bridgend,70,45,2,6,10,581.266,36,30,131.9366005
Bridgend,70,45,3,6,10,594.047,43,32,131.5357882
Bridgend,70,45,4,6,10,489.171,36,26,126.0832104
Bridgend,70,45,5,6,10,541.721,35,18,126.0900837
Bridgend,70,45,6,6,10,473.114,32,18,126.7336705
Bridgend,70,45,7,6,10,518.125,31,20,125.3474189
Bridgend,70,45,8,6,10,462.179,30,23,127.3644743
Bridgend,70,45,9,6,10,568.666,34,24,129.6300913
Bridgend,70,45,10,6,10,524.108,29,20,125.6143555
Bridgend,70,45,11,6,10,596.987,30,17,117.7123794
Bridgend,70,45,12,6,10,452.889,39,31,131.9278159
Bridgend,70,45,13,6,10,558.715,36,29,132.1983678
Bridgend,70,45,14,6,10,423.061,33,23,127.734817
Bridgend,70,45,15,6,10,455.756,33,20,123.7298033
Bridgend,70,45,16,6,10,516.832,30,19,123.7397941
Bridgend,70,45,17,6,10,389.857,38,27,132.9005019
Bridgend,70,45,18,6,10,517.625,31,24,126.8996853
Bridgend,70,45,19,6,10,652.027,34,25,130.6210108
Bridgend,70,45,20,6,10,470.386,36,29,129.9633288
Bridgend,70,45,1,6,1,2322.5,414,323,146.9305711
Bridgend,70,45,2,6,1,2389.915,380,288,139.7663128
Bridgend,70,45,3,6,1,2992.093,387,324,140.4567799
Bridgend,70,45,4,6,1,2432.086,332,283,142.3144244
Bridgend,70,45,5,6,1,2723.024,425,347,147.6026479
Bridgend,70,45,6,6,1,2744.552,365,281,139.0411454
Bridgend,70,45,7,6,1,3047.548,338,298,143.638758
Bridgend,70,45,8,6,1,3334.705,321,262,135.6073903
Bridgend,70,45,9,6,1,2531.301,366,283,139.6698475
Bridgend,70,45,10,6,1,3109.09,350,267,138.9284069
Bridgend,70,45,11,6,1,2895.084,336,257,137.5377128
Bridgend,70,45,12,6,1,2639.083,383,302,142.4409242
Bridgend,70,45,13,6,1,3008.717,355,288,139.9793849
Bridgend,70,45,14,6,1,2732.643,346,282,136.6099641
Bridgend,70,45,15,6,1,2142.3,308,244,133.6083866
Bridgend,70,45,16,6,1,2838.465,389,300,138.3853305
Bridgend,70,45,17,6,1,2509.532,412,335,142.3341442
Bridgend,70,45,18,6,1,3246.33,353,286,138.3352021
Bridgend,70,45,19,6,1,2264.644,398,321,142.6958817
Bridgend,70,45,20,6,1,2970.598,428,352,144.42282
Brisbane,70,45,1,11,30,571.836,2,2,145.5000254
Brisbane,70,45,2,11,30,517.207,2,2,142.3037335
Brisbane,70,45,3,11,30,614.016,2,2,142.3758449
Brisbane,70,45,4,11,30,469.237,2,2,157.6543942
Brisbane,70,45,5,11,30,442.98,3,3,153.6344443
Brisbane,70,45,6,11,30,564.36,3,3,166.7227349
Brisbane,70,45,7,11,30,432.037,3,3,151.7010954
Brisbane,70,45,8,11,30,589.55,5,5,156.8937776
Brisbane,70,45,9,11,30,672.971,3,3,141.6283395
Brisbane,70,45,10,11,30,450.558,2,2,133.2728881
Brisbane,70,45,11,11,30,820.518,3,3,164.071802
Brisbane,70,45,12,11,30,468.991,3,3,146.5680955
Brisbane,70,45,13,11,30,482.757,3,3,150.2304438
Brisbane,70,45,14,11,30,691.047,4,4,154.8491163
Brisbane,70,45,15,11,30,563.136,3,3,137.7652755
Brisbane,70,45,16,11,30,431.903,3,3,165.6958887
Brisbane,70,45,17,11,30,414.04,2,2,127.6522285
Brisbane,70,45,18,11,30,618.631,2,2,147.1729918
Brisbane,70,45,19,11,30,586.348,4,4,167.3704603
Brisbane,70,45,20,11,30,384.649,4,4,158.8151664
Brisbane,70,45,1,11,10,3095.991,20,20,217.92457
Brisbane,70,45,2,11,10,2231.04,23,23,225.8318033
Brisbane,70,45,3,11,10,1935.623,21,21,218.304858
Brisbane,70,45,4,11,10,2126.901,18,18,217.4531331
Brisbane,70,45,5,11,10,2005.332,15,15,196.8848461
Brisbane,70,45,6,11,10,2104.493,19,19,214.3864674
Brisbane,70,45,7,11,10,3061.396,21,21,213.9823311
Brisbane,70,45,8,11,10,2019.271,14,14,211.2554689
Brisbane,70,45,9,11,10,2829.334,20,20,213.7128039
Brisbane,70,45,10,11,10,2078.821,20,20,218.6108876
Brisbane,70,45,11,11,10,2807.032,21,21,222.9200422
Brisbane,70,45,12,11,10,2056.236,23,23,228.8385181
Brisbane,70,45,13,11,10,2401.168,20,20,210.1101092
Brisbane,70,45,14,11,10,1948.882,23,23,223.4320552
Brisbane,70,45,15,11,10,2066.506,20,20,221.9254427
Brisbane,70,45,16,11,10,2809.704,28,28,225.756712
Brisbane,70,45,17,11,10,2487.043,23,23,216.8276935
Brisbane,70,45,18,11,10,2093.868,23,23,221.5788284
Brisbane,70,45,19,11,10,2239.233,18,18,222.4542074
Brisbane,70,45,20,11,10,2184.499,14,14,204.9175745
Brisbane,70,45,1,11,1,29587.917,419,417,257.9254268
Brisbane,70,45,2,11,1,29951.913,399,397,256.2776415
Brisbane,70,45,3,11,1,24214.873,375,374,251.1165133
Brisbane,70,45,4,11,1,26421.461,369,367,257.6535809
Brisbane,70,45,5,11,1,40855.793,412,411,252.7948855
Brisbane,70,45,6,11,1,37018.205,449,448,256.7878138
Brisbane,70,45,7,11,1,32340.903,437,434,254.6165643
Brisbane,70,45,8,11,1,33561.416,404,403,259.3166867
Brisbane,70,45,9,11,1,29226.839,384,384,255.6533739
Brisbane,70,45,10,11,1,36709.405,380,380,257.238168
Brisbane,70,45,11,11,1,31336.946,408,401,257.8972556
Brisbane,70,45,12,11,1,27921.186,418,416,257.7338053
Brisbane,70,45,13,11,1,30021.463,393,391,253.0407948
Brisbane,70,45,14,11,1,23893.421,414,413,257.3519374
Brisbane,70,45,15,11,1,20853.809,395,393,258.1536331
Brisbane,70,45,16,11,1,39250.125,391,389,260.2065805
Brisbane,70,45,17,11,1,31638.899,392,390,253.6158442
Brisbane,70,45,18,11,1,33918.851,430,427,257.6464149
Brisbane,70,45,19,11,1,33967.081,383,382,258.3002266
Brisbane,70,45,20,11,1,36189.928,370,369,251.0467708
Canberra,70,45,1,8,30,9.566,2,2,217.7549825
Canberra,70,45,2,8,30,12.557,5,5,219.5620651
Canberra,70,45,3,8,30,10.272,2,2,215.6919002
Canberra,70,45,4,8,30,10.451,4,4,214.2834145
Canberra,70,45,5,8,30,12.427,3,3,214.3818317
Canberra,70,45,6,8,30,10.144,4,4,214.3564003
Canberra,70,45,7,8,30,11.594,2,2,220.484777
Canberra,70,45,8,8,30,10.854,4,4,210.4592194
Canberra,70,45,9,8,30,12.184,4,4,216.2914346
Canberra,70,45,10,8,30,21.357,3,3,216.8468658
Canberra,70,45,11,8,30,10.015,4,4,217.9950121
Canberra,70,45,12,8,30,10.716,3,3,212.3152041
Canberra,70,45,13,8,30,9.847,4,4,216.1119005
Canberra,70,45,14,8,30,9.996,3,3,212.153778
Canberra,70,45,15,8,30,19.937,3,3,217.3121529
Canberra,70,45,16,8,30,10.317,4,4,216.586319
Canberra,70,45,17,8,30,9.573,2,2,211.1879083
Canberra,70,45,18,8,30,10.959,3,3,217.534142
Canberra,70,45,19,8,30,9.114,4,4,214.477543
Canberra,70,45,20,8,30,10.486,3,3,213.6889297
Canberra,70,45,1,8,10,25.503,10,10,225.6702053
Canberra,70,45,2,8,10,34.107,11,11,227.9423391
Canberra,70,45,3,8,10,28.502,4,4,226.2131908
Canberra,70,45,4,8,10,32.102,11,11,225.4018472
Canberra,70,45,5,8,10,25.833,8,8,222.253928
Canberra,70,45,6,8,10,35.874,12,12,226.489908
Canberra,70,45,7,8,10,29.895,9,9,226.7608491
Canberra,70,45,8,8,10,32.149,11,11,220.0131914
Canberra,70,45,9,8,10,32.86,10,10,223.5922312
Canberra,70,45,10,8,10,34.6,8,8,222.787619
Canberra,70,45,11,8,10,36.065,10,10,226.7291997
Canberra,70,45,12,8,10,32.824,9,9,222.576864
Canberra,70,45,13,8,10,25.922,9,9,224.3793844
Canberra,70,45,14,8,10,31.036,7,7,225.2660293
Canberra,70,45,15,8,10,33.94,8,8,224.288329
Canberra,70,45,16,8,10,38.913,8,8,223.1020728
Canberra,70,45,17,8,10,39.031,9,9,221.1252635
Canberra,70,45,18,8,10,31.415,6,6,224.5268952
Canberra,70,45,19,8,10,36.6,7,7,221.0419533
Canberra,70,45,20,8,10,39.16,9,9,225.5060637
Canberra,70,45,1,8,1,424.13,154,154,232.8526917
Canberra,70,45,2,8,1,274.013,166,166,234.6842926
Canberra,70,45,3,8,1,347.689,156,156,235.571551
Canberra,70,45,4,8,1,361.665,148,148,234.8443449
Canberra,70,45,5,8,1,430.966,159,159,234.0087561
Canberra,70,45,6,8,1,350.546,166,166,233.8110119
Canberra,70,45,7,8,1,298.974,169,169,236.0875079
Canberra,70,45,8,8,1,397.403,151,151,232.6545141
Canberra,70,45,9,8,1,285.999,151,151,232.3642526
Canberra,70,45,10,8,1,438.925,142,142,232.3535087
Canberra,70,45,11,8,1,286.019,134,134,231.4271462
Canberra,70,45,12,8,1,444.219,140,140,232.1314101
Canberra,70,45,13,8,1,281.818,135,135,232.5627283
Canberra,70,45,14,8,1,332.854,131,131,232.2863575
Canberra,70,45,15,8,1,432.304,157,157,233.5656945
Canberra,70,45,16,8,1,347.923,148,148,231.4686641
Canberra,70,45,17,8,1,394.537,138,138,232.8173029
Canberra,70,45,18,8,1,275.176,159,159,235.2308105
Canberra,70,45,19,8,1,381.397,155,155,232.8264972
Canberra,70,45,20,8,1,334.388,156,156,234.8145499
Cardiff,70,45,1,3,30,1.186,16,16,301.8198487
Cardiff,70,45,2,3,30,1.33,14,14,301.7867919
Cardiff,70,45,3,3,30,1.242,15,15,301.4806306
Cardiff,70,45,4,3,30,1.219,13,13,299.4746553
Cardiff,70,45,5,3,30,1.077,12,12,298.6538101
Cardiff,70,45,6,3,30,1.37,18,18,298.7143219
Cardiff,70,45,7,3,30,1.14,11,11,298.0918127
Cardiff,70,45,8,3,30,1.258,14,14,301.2496818
Cardiff,70,45,9,3,30,1.075,9,9,291.98947
Cardiff,70,45,10,3,30,1.015,12,12,299.4952011
Cardiff,70,45,11,3,30,1.185,12,12,301.364387
Cardiff,70,45,12,3,30,1.205,12,12,298.2508106
Cardiff,70,45,13,3,30,1.069,14,14,300.5647089
Cardiff,70,45,14,3,30,1.317,16,16,302.4706932
Cardiff,70,45,15,3,30,1.243,10,10,294.5640243
Cardiff,70,45,16,3,30,1.185,14,14,299.2390796
Cardiff,70,45,17,3,30,1.283,12,12,301.443311
Cardiff,70,45,18,3,30,1.083,15,15,303.2150884
Cardiff,70,45,19,3,30,1.238,16,16,304.5610692
Cardiff,70,45,20,3,30,1.033,12,12,297.7728878
Cardiff,70,45,1,3,10,2.217,41,41,306.9662057
Cardiff,70,45,2,3,10,2.374,40,40,308.3823931
Cardiff,70,45,3,3,10,3.133,34,34,306.1453271
Cardiff,70,45,4,3,10,2.755,35,35,302.1265569
Cardiff,70,45,5,3,10,2.081,36,36,305.226625
Cardiff,70,45,6,3,10,2.173,34,34,304.1208966
Cardiff,70,45,7,3,10,2.673,41,41,306.6969588
Cardiff,70,45,8,3,10,2.861,45,45,307.2489622
Cardiff,70,45,9,3,10,1.989,33,33,302.3295523
Cardiff,70,45,10,3,10,2.585,31,31,305.9536709
Cardiff,70,45,11,3,10,2.002,37,37,306.1316371
Cardiff,70,45,12,3,10,2.548,39,39,307.1172769
Cardiff,70,45,13,3,10,2.461,40,40,304.973742
Cardiff,70,45,14,3,10,2.244,39,39,307.9081466
Cardiff,70,45,15,3,10,2.259,40,40,301.889727
Cardiff,70,45,16,3,10,2.066,36,36,305.3626445
Cardiff,70,45,17,3,10,2.423,40,40,306.4490936
Cardiff,70,45,18,3,10,2.102,40,40,306.4944667
Cardiff,70,45,19,3,10,2.318,40,40,308.3216426
Cardiff,70,45,20,3,10,2.594,40,40,305.3819586
Cardiff,70,45,1,3,1,6.085,173,173,308.8170557
Cardiff,70,45,2,3,1,7.798,172,172,309.8709227
Cardiff,70,45,3,3,1,7.618,174,174,308.4925775
Cardiff,70,45,4,3,1,7.476,173,173,307.8553003
Cardiff,70,45,5,3,1,6.437,165,165,306.9198479
Cardiff,70,45,6,3,1,8.026,180,180,307.8660511
Cardiff,70,45,7,3,1,6.755,170,170,308.6512763
Cardiff,70,45,8,3,1,6.679,164,164,308.7493842
Cardiff,70,45,9,3,1,7.898,180,180,308.4350821
Cardiff,70,45,10,3,1,6.07,163,163,307.8260752
Cardiff,70,45,11,3,1,6.799,171,171,307.8313281
Cardiff,70,45,12,3,1,6.035,163,163,308.4876796
Cardiff,70,45,13,3,1,6.444,169,169,305.7006513
Cardiff,70,45,14,3,1,9.238,197,197,309.7303956
Cardiff,70,45,15,3,1,6.411,157,157,304.850059
Cardiff,70,45,16,3,1,7.389,187,187,308.2263887
Cardiff,70,45,17,3,1,8.869,184,184,308.2560689
Cardiff,70,45,18,3,1,7.454,171,171,308.668759
Cardiff,70,45,19,3,1,6.229,178,178,309.3143505
Cardiff,70,45,20,3,1,6.857,156,156,308.4032744
Edinburgh-1,70,45,1,10,30,147.493,3,3,248.6325521
Edinburgh-1,70,45,2,10,30,233.051,2,2,257.6151692
Edinburgh-1,70,45,3,10,30,156.94,2,2,245.9946828
Edinburgh-1,70,45,4,10,30,133.233,2,2,246.3200539
Edinburgh-1,70,45,5,10,30,70.102,4,4,254.5407813
Edinburgh-1,70,45,6,10,30,112.722,3,3,256.5668573
Edinburgh-1,70,45,7,10,30,154.354,5,5,268.0366934
Edinburgh-1,70,45,8,10,30,140.879,5,5,266.4497285
Edinburgh-1,70,45,9,10,30,175.697,2,2,258.2451598
Edinburgh-1,70,45,10,10,30,76.608,5,5,262.3871632
Edinburgh-1,70,45,11,10,30,137.977,4,4,266.4101116
Edinburgh-1,70,45,12,10,30,129.302,2,2,250.0258135
Edinburgh-1,70,45,13,10,30,209.386,5,5,274.4123143
Edinburgh-1,70,45,14,10,30,227.175,3,3,252.6611044
Edinburgh-1,70,45,15,10,30,184.16,3,3,267.888378
Edinburgh-1,70,45,16,10,30,270.277,2,2,247.6497558
Edinburgh-1,70,45,17,10,30,49.721,3,3,249.2603572
Edinburgh-1,70,45,18,10,30,227.598,3,3,262.8059959
Edinburgh-1,70,45,19,10,30,221.935,2,2,250.6259328
Edinburgh-1,70,45,20,10,30,123.02,3,3,252.9859815
Edinburgh-1,70,45,1,10,10,1085.389,23,23,317.3133441
Edinburgh-1,70,45,2,10,10,645.819,25,25,307.0186915
Edinburgh-1,70,45,3,10,10,962.638,15,15,305.7575406
Edinburgh-1,70,45,4,10,10,894.894,21,21,307.6412062
Edinburgh-1,70,45,5,10,10,843.872,31,31,313.1909164
Edinburgh-1,70,45,6,10,10,870.657,17,17,308.3141964
Edinburgh-1,70,45,7,10,10,878.859,20,20,304.1737527
Edinburgh-1,70,45,8,10,10,812.299,18,18,307.5198034
Edinburgh-1,70,45,9,10,10,692.401,16,16,299.8235053
Edinburgh-1,70,45,10,10,10,841.196,26,26,309.4509388
Edinburgh-1,70,45,11,10,10,940.691,18,18,309.4119857
Edinburgh-1,70,45,12,10,10,716.008,15,15,300.4709048
Edinburgh-1,70,45,13,10,10,1174.458,20,20,308.7087564
Edinburgh-1,70,45,14,10,10,975.612,20,20,310.8591753
Edinburgh-1,70,45,15,10,10,1029.904,16,16,309.4713186
Edinburgh-1,70,45,16,10,10,1086.715,18,18,313.5467187
Edinburgh-1,70,45,17,10,10,849.436,22,22,311.8799393
Edinburgh-1,70,45,18,10,10,593.612,17,17,306.3952342
Edinburgh-1,70,45,19,10,10,1029.263,18,18,311.0368136
Edinburgh-1,70,45,20,10,10,1205.651,22,22,313.7265381
Edinburgh-1,70,45,1,10,1,19139.588,338,338,338.9426009
Edinburgh-1,70,45,2,10,1,17583.762,290,290,335.4045637
Edinburgh-1,70,45,3,10,1,12976.133,300,300,336.4205511
Edinburgh-1,70,45,4,10,1,18920.735,336,336,340.0804079
Edinburgh-1,70,45,5,10,1,12923.168,308,308,339.0868087
Edinburgh-1,70,45,6,10,1,16777.393,301,301,337.7933335
Edinburgh-1,70,45,7,10,1,20491.855,285,285,334.8621534
Edinburgh-1,70,45,8,10,1,16161.335,336,336,337.5027596
Edinburgh-1,70,45,9,10,1,12572.149,344,344,341.2374058
Edinburgh-1,70,45,10,10,1,15803.32,315,315,334.8316043
Edinburgh-1,70,45,11,10,1,12793.144,308,308,334.9180451
Edinburgh-1,70,45,12,10,1,16278.26,306,306,335.998624
Edinburgh-1,70,45,13,10,1,16519.823,333,333,337.7549775
Edinburgh-1,70,45,14,10,1,14872.994,319,319,339.3758293
Edinburgh-1,70,45,15,10,1,16858.128,322,322,337.6601184
Edinburgh-1,70,45,16,10,1,13179.775,323,323,337.6848343
Edinburgh-1,70,45,17,10,1,18431.341,297,297,337.017913
Edinburgh-1,70,45,18,10,1,14975.727,305,305,336.8513889
Edinburgh-1,70,45,19,10,1,17909.43,308,308,337.953477
Edinburgh-1,70,45,20,10,1,17950.599,324,324,338.1006726
Edinburgh-2,70,45,1,5,30,17.754,11,11,388.3173639
Edinburgh-2,70,45,2,5,30,19.565,11,11,401.8371771
Edinburgh-2,70,45,3,5,30,19.827,9,9,396.4678127
Edinburgh-2,70,45,4,5,30,11.079,11,11,389.8608574
Edinburgh-2,70,45,5,5,30,11.321,13,13,391.1217781
Edinburgh-2,70,45,6,5,30,15.596,8,8,384.1585832
Edinburgh-2,70,45,7,5,30,26.006,14,14,407.3002141
Edinburgh-2,70,45,8,5,30,10.934,13,13,398.1716555
Edinburgh-2,70,45,9,5,30,17.488,12,12,399.4098336
Edinburgh-2,70,45,10,5,30,10.875,11,11,389.003355
Edinburgh-2,70,45,11,5,30,11.487,10,10,400.8139589
Edinburgh-2,70,45,12,5,30,16.734,13,13,393.4601629
Edinburgh-2,70,45,13,5,30,26.972,13,13,399.016838
Edinburgh-2,70,45,14,5,30,19.096,12,12,386.8244902
Edinburgh-2,70,45,15,5,30,27.257,11,11,400.5490899
Edinburgh-2,70,45,16,5,30,19.584,11,11,384.3318146
Edinburgh-2,70,45,17,5,30,17.079,10,10,384.0611751
Edinburgh-2,70,45,18,5,30,27.097,10,10,404.5764045
Edinburgh-2,70,45,19,5,30,11.681,9,9,396.7260627
Edinburgh-2,70,45,20,5,30,16.713,10,10,394.1172721
Edinburgh-2,70,45,1,5,10,103.129,44,44,420.9160283
Edinburgh-2,70,45,2,5,10,136.882,36,36,422.5202685
Edinburgh-2,70,45,3,5,10,158.367,37,37,419.2018787
Edinburgh-2,70,45,4,5,10,128.485,45,45,422.5420113
Edinburgh-2,70,45,5,5,10,162.791,39,39,422.125308
Edinburgh-2,70,45,6,5,10,106.465,36,36,422.5847558
Edinburgh-2,70,45,7,5,10,124.595,34,34,422.0029485
Edinburgh-2,70,45,8,5,10,106.486,41,41,421.5568678
Edinburgh-2,70,45,9,5,10,117.169,36,36,421.8434987
Edinburgh-2,70,45,10,5,10,121.347,41,41,420.8882472
Edinburgh-2,70,45,11,5,10,122.054,36,36,422.2803629
Edinburgh-2,70,45,12,5,10,140.925,35,35,421.5425443
Edinburgh-2,70,45,13,5,10,155.501,38,38,419.4079936
Edinburgh-2,70,45,14,5,10,143.706,41,41,423.6087792
Edinburgh-2,70,45,15,5,10,167.566,41,41,421.4235087
Edinburgh-2,70,45,16,5,10,135.12,36,36,423.0259601
Edinburgh-2,70,45,17,5,10,160.252,37,37,422.2212303
Edinburgh-2,70,45,18,5,10,133.669,40,40,418.8737192
Edinburgh-2,70,45,19,5,10,140.797,36,36,420.0810898
Edinburgh-2,70,45,20,5,10,148.101,32,32,418.1773474
Edinburgh-2,70,45,1,5,1,616.115,342,342,433.885349
Edinburgh-2,70,45,2,5,1,492.146,347,347,433.4586397
Edinburgh-2,70,45,3,5,1,554.6,301,301,429.3378913
Edinburgh-2,70,45,4,5,1,497.186,318,318,430.957147
Edinburgh-2,70,45,5,5,1,535.07,320,320,431.936453
Edinburgh-2,70,45,6,5,1,631.423,306,306,432.5633318
Edinburgh-2,70,45,7,5,1,514.425,288,288,427.4047478
Edinburgh-2,70,45,8,5,1,483.864,295,295,431.7209142
Edinburgh-2,70,45,9,5,1,597.011,288,288,430.6199502
Edinburgh-2,70,45,10,5,1,767.21,339,339,432.4288993
Edinburgh-2,70,45,11,5,1,724.766,319,319,433.3361286
Edinburgh-2,70,45,12,5,1,505.118,296,296,430.8403123
Edinburgh-2,70,45,13,5,1,645.017,300,300,429.8257676
Edinburgh-2,70,45,14,5,1,548.428,310,310,431.4900855
Edinburgh-2,70,45,15,5,1,548.423,309,309,430.8385024
Edinburgh-2,70,45,16,5,1,537.319,295,295,431.3574967
Edinburgh-2,70,45,17,5,1,554.009,327,327,433.5166383
Edinburgh-2,70,45,18,5,1,783.791,334,334,433.0817137
Edinburgh-2,70,45,19,5,1,575.024,279,279,429.4500559
Edinburgh-2,70,45,20,5,1,539.515,347,347,433.2439024
MiltonKeynes,70,45,1,4,30,43.348,11,11,266.2965067
MiltonKeynes,70,45,2,4,30,36.027,13,13,263.2679391
MiltonKeynes,70,45,3,4,30,33.1,9,9,252.86668
MiltonKeynes,70,45,4,4,30,37.07,10,10,252.9609651
MiltonKeynes,70,45,5,4,30,45.239,12,12,264.4154706
MiltonKeynes,70,45,6,4,30,34.071,9,9,252.8509123
MiltonKeynes,70,45,7,4,30,32.014,9,9,255.6809777
MiltonKeynes,70,45,8,4,30,35.694,13,13,263.7631538
MiltonKeynes,70,45,9,4,30,39.545,10,10,259.6556323
MiltonKeynes,70,45,10,4,30,41.267,9,9,263.967711
MiltonKeynes,70,45,11,4,30,34.546,10,10,257.1554782
MiltonKeynes,70,45,12,4,30,38.456,8,8,250.2997901
MiltonKeynes,70,45,13,4,30,26.961,13,13,242.0877007
MiltonKeynes,70,45,14,4,30,34.058,10,10,254.7698938
MiltonKeynes,70,45,15,4,30,42.109,10,10,255.4523616
MiltonKeynes,70,45,16,4,30,37.323,12,12,255.175278
MiltonKeynes,70,45,17,4,30,28.383,7,7,255.5088158
MiltonKeynes,70,45,18,4,30,37.856,11,11,265.1596981
MiltonKeynes,70,45,19,4,30,36.551,9,9,253.5360638
MiltonKeynes,70,45,20,4,30,30.238,9,9,256.0793805
MiltonKeynes,70,45,1,4,10,123.33,35,35,291.8285335
MiltonKeynes,70,45,2,4,10,95.443,34,34,294.2485338
MiltonKeynes,70,45,3,4,10,97.222,43,43,295.1713523
MiltonKeynes,70,45,4,4,10,91.733,33,33,295.9951817
MiltonKeynes,70,45,5,4,10,95.322,30,30,291.6300396
MiltonKeynes,70,45,6,4,10,104.784,31,31,288.4472358
MiltonKeynes,70,45,7,4,10,97.571,33,33,292.4612702
MiltonKeynes,70,45,8,4,10,102.082,36,36,291.6303481
MiltonKeynes,70,45,9,4,10,130.762,41,41,286.4412645
MiltonKeynes,70,45,10,4,10,102.245,29,29,292.3087401
MiltonKeynes,70,45,11,4,10,122.36,37,37,296.5309944
MiltonKeynes,70,45,12,4,10,105.186,33,33,295.7632527
MiltonKeynes,70,45,13,4,10,104.842,37,37,297.5181707
MiltonKeynes,70,45,14,4,10,111.845,31,31,292.5238786
MiltonKeynes,70,45,15,4,10,126.093,33,33,296.5065325
MiltonKeynes,70,45,16,4,10,129.504,38,38,291.2782442
MiltonKeynes,70,45,17,4,10,130.695,33,33,289.8040786
MiltonKeynes,70,45,18,4,10,103.909,37,37,294.4076625
MiltonKeynes,70,45,19,4,10,115.411,38,38,290.0222738
MiltonKeynes,70,45,20,4,10,85.921,35,35,294.8945289
MiltonKeynes,70,45,1,4,1,552.559,331,331,304.7177701
MiltonKeynes,70,45,2,4,1,557.694,288,288,305.3607086
MiltonKeynes,70,45,3,4,1,435.762,327,327,304.3857356
MiltonKeynes,70,45,4,4,1,451.27,336,336,304.1824307
MiltonKeynes,70,45,5,4,1,425.322,293,293,300.1688365
MiltonKeynes,70,45,6,4,1,637.136,312,312,302.2222825
MiltonKeynes,70,45,7,4,1,445.174,326,326,304.0219118
MiltonKeynes,70,45,8,4,1,591.581,348,348,304.8127293
MiltonKeynes,70,45,9,4,1,448.39,314,314,304.4217658
MiltonKeynes,70,45,10,4,1,384.531,308,308,301.631536
MiltonKeynes,70,45,11,4,1,428.481,324,324,303.9618131
MiltonKeynes,70,45,12,4,1,506.543,317,317,304.1202389
MiltonKeynes,70,45,13,4,1,467.083,338,338,307.1863145
MiltonKeynes,70,45,14,4,1,582.19,316,316,304.4754467
MiltonKeynes,70,45,15,4,1,519.356,313,313,304.5666614
MiltonKeynes,70,45,16,4,1,372.986,337,337,305.2730073
MiltonKeynes,70,45,17,4,1,475.423,299,299,304.716701
MiltonKeynes,70,45,18,4,1,492.965,326,326,303.7907068
MiltonKeynes,70,45,19,4,1,551.171,292,292,299.6456023
MiltonKeynes,70,45,20,4,1,506.86,333,333,305.1021872
Porthcawl,70,45,1,1,30,0.451,26,22,137.7771372
Porthcawl,70,45,2,1,30,0.497,21,17,136.4472016
Porthcawl,70,45,3,1,30,0.553,24,19,137.5907943
Porthcawl,70,45,4,1,30,0.592,23,19,140.0166388
Porthcawl,70,45,5,1,30,0.423,24,18,135.6262947
Porthcawl,70,45,6,1,30,0.405,23,17,146.4088863
Porthcawl,70,45,7,1,30,0.465,20,16,146.4361394
Porthcawl,70,45,8,1,30,0.56,19,15,146.6452998
Porthcawl,70,45,9,1,30,0.494,26,21,147.6866543
Porthcawl,70,45,10,1,30,0.461,24,20,141.2285234
Porthcawl,70,45,11,1,30,0.503,27,23,136.8145912
Porthcawl,70,45,12,1,30,0.475,26,21,150.3950136
Porthcawl,70,45,13,1,30,0.467,23,20,147.6028419
Porthcawl,70,45,14,1,30,0.499,20,16,139.0951614
Porthcawl,70,45,15,1,30,0.507,19,15,143.3987785
Porthcawl,70,45,16,1,30,0.507,24,20,137.4722893
Porthcawl,70,45,17,1,30,0.44,19,16,140.6219047
Porthcawl,70,45,18,1,30,0.401,19,14,142.739025
Porthcawl,70,45,19,1,30,0.363,25,19,135.0606022
Porthcawl,70,45,20,1,30,0.472,18,14,145.5631981
Porthcawl,70,45,1,1,10,0.908,60,46,143.4348523
Porthcawl,70,45,2,1,10,1.19,55,44,152.6648978
Porthcawl,70,45,3,1,10,0.996,50,37,150.256384
Porthcawl,70,45,4,1,10,0.916,60,46,143.1052957
Porthcawl,70,45,5,1,10,0.729,56,38,153.6631202
Porthcawl,70,45,6,1,10,1.101,57,43,151.7397415
Porthcawl,70,45,7,1,10,0.547,54,41,153.1598648
Porthcawl,70,45,8,1,10,0.724,65,49,142.0973636
Porthcawl,70,45,9,1,10,1.219,52,40,150.2661419
Porthcawl,70,45,10,1,10,0.922,59,41,152.9008545
Porthcawl,70,45,11,1,10,0.842,51,39,153.2179317
Porthcawl,70,45,12,1,10,1.103,55,44,154.6893729
Porthcawl,70,45,13,1,10,0.989,58,44,151.6042056
Porthcawl,70,45,14,1,10,0.904,64,49,153.996749
Porthcawl,70,45,15,1,10,0.819,52,37,149.0286679
Porthcawl,70,45,16,1,10,1.198,56,39,148.3597298
Porthcawl,70,45,17,1,10,0.979,71,54,141.9754958
Porthcawl,70,45,18,1,10,0.725,59,42,143.2079276
Porthcawl,70,45,19,1,10,0.921,80,58,144.1162712
Porthcawl,70,45,20,1,10,0.821,48,37,148.6535997
Porthcawl,70,45,1,1,1,3.874,295,155,146.5563919
Porthcawl,70,45,2,1,1,4.167,233,118,150.2970804
Porthcawl,70,45,3,1,1,3.36,291,163,154.9122767
Porthcawl,70,45,4,1,1,6.958,266,139,153.4740759
Porthcawl,70,45,5,1,1,5.715,251,129,152.6600333
Porthcawl,70,45,6,1,1,4.187,252,128,152.8152625
Porthcawl,70,45,7,1,1,3.487,227,119,152.5877304
Porthcawl,70,45,8,1,1,5.687,244,113,152.5609384
Porthcawl,70,45,9,1,1,3.813,261,125,152.9802119
Porthcawl,70,45,10,1,1,4.297,253,123,154.6816227
Porthcawl,70,45,11,1,1,4.03,251,119,152.7329293
Porthcawl,70,45,12,1,1,4.859,264,129,159.5510739
Porthcawl,70,45,13,1,1,4.88,277,134,156.8690667
Porthcawl,70,45,14,1,1,4.575,241,115,152.7395681
Porthcawl,70,45,15,1,1,3.319,250,118,150.5852026
Porthcawl,70,45,16,1,1,4.128,258,126,150.3006367
Porthcawl,70,45,17,1,1,5.057,253,125,150.300339
Porthcawl,70,45,18,1,1,5.236,264,132,152.2154891
Porthcawl,70,45,19,1,1,4.339,254,133,152.8251317
Porthcawl,70,45,20,1,1,2.837,222,106,150.6088569
Suffolk,70,45,1,4,30,4.554,5,5,163.1000398
Suffolk,70,45,2,4,30,5.291,5,5,181.5193511
Suffolk,70,45,3,4,30,6.799,5,5,173.6215909
Suffolk,70,45,4,4,30,5.283,4,4,172.9497769
Suffolk,70,45,5,4,30,7.62,4,4,168.0350908
Suffolk,70,45,6,4,30,5.696,7,7,176.1123759
Suffolk,70,45,7,4,30,4.673,5,5,162.4995905
Suffolk,70,45,8,4,30,4.549,5,5,165.0226815
Suffolk,70,45,9,4,30,7.932,9,9,169.4613953
Suffolk,70,45,10,4,30,4.472,6,6,172.4788428
Suffolk,70,45,11,4,30,4.955,6,6,172.2460614
Suffolk,70,45,12,4,30,5.844,7,7,176.162469
Suffolk,70,45,13,4,30,6.877,5,5,166.0695058
Suffolk,70,45,14,4,30,4.647,4,4,169.3449187
Suffolk,70,45,15,4,30,6.455,5,5,173.5014221
Suffolk,70,45,16,4,30,5.421,4,4,173.4270635
Suffolk,70,45,17,4,30,5.14,6,6,179.8372134
Suffolk,70,45,18,4,30,4.269,9,8,176.0508242
Suffolk,70,45,19,4,30,9.564,6,6,165.7564583
Suffolk,70,45,20,4,30,7.508,6,6,170.3894393
Suffolk,70,45,1,4,10,7.332,15,15,173.441603
Suffolk,70,45,2,4,10,9.733,18,18,187.5787593
Suffolk,70,45,3,4,10,10.724,17,17,185.2436957
Suffolk,70,45,4,4,10,8.118,22,22,181.0351769
Suffolk,70,45,5,4,10,7.623,16,16,174.6536827
Suffolk,70,45,6,4,10,7.526,17,17,179.9339733
Suffolk,70,45,7,4,10,5.985,14,14,172.6589839
Suffolk,70,45,8,4,10,7.532,11,11,169.8403917
Suffolk,70,45,9,4,10,10.794,16,16,178.091194
Suffolk,70,45,10,4,10,7.238,18,18,183.2898271
Suffolk,70,45,11,4,10,8.467,19,19,178.8606083
Suffolk,70,45,12,4,10,6.628,17,17,177.1239661
Suffolk,70,45,13,4,10,9.385,17,17,177.2085351
Suffolk,70,45,14,4,10,8.452,17,17,184.0660646
Suffolk,70,45,15,4,10,11.734,20,20,180.6457572
Suffolk,70,45,16,4,10,14.438,20,18,183.2662967
Suffolk,70,45,17,4,10,8.182,20,20,185.7018898
Suffolk,70,45,18,4,10,7.978,24,23,184.5621164
Suffolk,70,45,19,4,10,8.956,18,18,185.4860853
Suffolk,70,45,20,4,10,9.026,18,18,178.2991445
Suffolk,70,45,1,4,1,29.169,85,85,181.1911283
Suffolk,70,45,2,4,1,38.33,169,169,194.3837878
Suffolk,70,45,3,4,1,20.427,125,125,189.2276843
Suffolk,70,45,4,4,1,30.581,142,142,186.9772248
Suffolk,70,45,5,4,1,25.416,119,119,182.7297743
Suffolk,70,45,6,4,1,34.708,152,152,187.9264327
Suffolk,70,45,7,4,1,22.823,128,128,174.4371456
Suffolk,70,45,8,4,1,25.697,99,99,179.1644734
Suffolk,70,45,9,4,1,23.75,109,107,180.2741033
Suffolk,70,45,10,4,1,23.596,122,122,189.1721345
Suffolk,70,45,11,4,1,29.933,114,113,182.1526028
Suffolk,70,45,12,4,1,41.77,123,123,184.6425296
Suffolk,70,45,13,4,1,33.173,88,88,181.0031449
Suffolk,70,45,14,4,1,27.731,183,183,193.9325272
Suffolk,70,45,15,4,1,22.169,141,139,187.1889894
Suffolk,70,45,16,4,1,30.031,146,146,189.2360023
Suffolk,70,45,17,4,1,25.892,181,181,187.5968456
Suffolk,70,45,18,4,1,19.554,135,134,189.4046845
Suffolk,70,45,19,4,1,29.866,93,90,187.8621015
Suffolk,70,45,20,4,1,37.269,104,104,180.4462858
